timestamp,topic,linear_x,linear_y,linear_z,angular_x,angular_y,angular_z
1758551133323223873,/cmd_vel,0.0,0.0,0.0,0.0,0.0,0.0
1758551133423806309,/cmd_vel,0.0,0.0,0.0,0.0,0.0,0.0
1758551133524383056,/cmd_vel,0.0,0.0,0.0,0.0,0.0,0.0
1758551133625348474,/cmd_vel,0.0,0.0,0.0,0.0,0.0,0.0
1758551133726054142,/cmd_vel,0.0,0.0,0.0,0.0,0.0,0.0
1758551133831907973,/cmd_vel,0.0,0.0,0.0,0.0,0.0,0.0
1758551133927395978,/cmd_vel,0.0,0.0,0.0,0.0,0.0,0.0
1758551134029697175,/cmd_vel,0.0,0.0,0.0,0.0,0.0,0.0
1758551134130480587,/cmd_vel,0.0,0.0,0.0,0.0,0.0,0.0
1758551134238879610,/cmd_vel,0.0,0.0,0.0,0.0,0.0,0.0
1758551134343071133,/cmd_vel,0.0,0.0,0.0,0.0,0.0,0.0
1758551134447115849,/cmd_vel,0.0,0.0,0.0,0.0,0.0,0.0
1758551134547515183,/cmd_vel,0.0,0.0,0.0,0.0,0.0,0.0
1758551134648599773,/cmd_vel,0.0,0.0,0.0,0.0,0.0,0.0
1758551134749156040,/cmd_vel,0.0,0.0,0.0,0.0,0.0,0.0
1758551134849364254,/cmd_vel,0.0,0.0,0.0,0.0,0.0,0.0
1758551134952938967,/cmd_vel,0.0,0.0,0.0,0.0,0.0,0.0
1758551135052317562,/cmd_vel,0.0,0.0,0.0,0.0,0.0,0.0
1758551135152629925,/cmd_vel,0.0,0.0,0.0,0.0,0.0,0.0
1758551135253476291,/cmd_vel,0.0,0.0,0.0,0.0,0.0,0.0
1758551135354232513,/cmd_vel,0.0,0.0,0.0,0.0,0.0,0.0
1758551135454643170,/cmd_vel,0.0,0.0,0.0,0.0,0.0,0.0
1758551135555424453,/cmd_vel,0.0,0.0,0.0,0.0,0.0,0.0
1758551135655824815,/cmd_vel,0.0,0.0,0.0,0.0,0.0,0.0
1758551135756331520,/cmd_vel,0.0,0.0,0.0,0.0,0.0,0.0
1758551135860095544,/cmd_vel,0.0,0.0,0.0,0.0,0.0,0.0
1758551135960508098,/cmd_vel,0.0,0.0,0.0,0.0,0.0,0.0
1758551136060977201,/cmd_vel,0.0,0.0,0.0,0.0,0.0,0.0
1758551136161472097,/cmd_vel,0.0,0.0,0.0,0.0,0.0,0.0
1758551136261884860,/cmd_vel,0.0,0.0,0.0,0.0,0.0,0.0
1758551136366769713,/cmd_vel,0.0,0.0,0.0,0.0,0.0,0.0
1758551136470838721,/cmd_vel,0.0,0.0,0.0,0.0,0.0,0.0
1758551136574641017,/cmd_vel,0.0,0.0,0.0,0.0,0.0,0.0
1758551136678768337,/cmd_vel,0.0,0.0,0.0,0.0,0.0,0.0
1758551136792563093,/cmd_vel,0.0,0.0,0.0,0.0,0.0,0.0
1758551136894696514,/cmd_vel,0.0,0.0,0.0,0.0,0.0,0.0
1758551136996954570,/cmd_vel,0.0,0.0,0.0,0.0,0.0,0.0
1758551137097332410,/cmd_vel,0.0,0.0,0.0,0.0,0.0,0.0
1758551137217870788,/cmd_vel,0.0,0.0,0.0,0.0,0.0,0.0
1758551137308112568,/cmd_vel,0.0,0.0,0.0,0.0,0.0,0.0
1758551137409040206,/cmd_vel,0.0,0.0,0.0,0.0,0.0,0.0
1758551137512401575,/cmd_vel,0.0,0.0,0.0,0.0,0.0,0.0
1758551137612666745,/cmd_vel,0.0,0.0,0.0,0.0,0.0,0.0
1758551137713999090,/cmd_vel,0.0,0.0,0.0,0.0,0.0,0.0
1758551137743874819,/cmd_vel,0.0,0.0,0.0,0.0,0.0,0.0
1758551137844370817,/cmd_vel,0.0,0.0,0.0,0.0,0.0,0.0
1758551137944874302,/cmd_vel,0.0,0.0,0.0,0.0,0.0,0.0
1758551138045200111,/cmd_vel,0.0,0.0,0.0,0.0,0.0,0.0
1758551138145564894,/cmd_vel,0.0,0.0,0.0,0.0,0.0,0.0
1758551138245962369,/cmd_vel,0.0,0.0,0.0,0.0,0.0,0.0
1758551138346420236,/cmd_vel,0.0,0.0,0.0,0.0,0.0,0.0
1758551138446798107,/cmd_vel,0.0,0.0,0.0,0.0,0.0,0.0
1758551138547484698,/cmd_vel,0.0,0.0,0.0,0.0,0.0,0.0
1758551138649069992,/cmd_vel,0.0,0.0,0.0,0.0,0.0,0.0
1758551138749417298,/cmd_vel,0.0,0.0,0.0,0.0,0.0,0.0
1758551138849824169,/cmd_vel,0.0,0.0,0.0,0.0,0.0,0.0
1758551138950154987,/cmd_vel,0.0,0.0,0.0,0.0,0.0,0.0
1758551139051018668,/cmd_vel,0.0,0.0,0.0,0.0,0.0,0.0
1758551139152026489,/cmd_vel,0.0,0.0,0.0,0.0,0.0,0.0
1758551139252503849,/cmd_vel,0.0,0.0,0.0,0.0,0.0,0.0
1758551139353017350,/cmd_vel,0.0,0.0,0.0,0.0,0.0,0.0
1758551139453579288,/cmd_vel,0.0,0.0,0.0,0.0,0.0,0.0
1758551139489059810,/cmd_vel,0.0,0.0,0.0,0.0,0.0,0.0
1758551139589425530,/cmd_vel,0.0,0.0,0.0,0.0,0.0,0.0
1758551139690223295,/cmd_vel,0.0,0.0,0.0,0.0,0.0,0.0
1758551139790879853,/cmd_vel,0.0,0.0,0.0,0.0,0.0,0.0
1758551139870728448,/cmd_vel,0.0,0.0,0.0,0.0,0.0,0.0
1758551139971341493,/cmd_vel,0.0,0.0,0.0,0.0,0.0,0.0
1758551140071825002,/cmd_vel,0.0,0.0,0.0,0.0,0.0,0.0
1758551140172172217,/cmd_vel,0.0,0.0,0.0,0.0,0.0,0.0
1758551140272673086,/cmd_vel,0.0,0.0,0.0,0.0,0.0,0.0
1758551140373061570,/cmd_vel,0.0,0.0,0.0,0.0,0.0,0.0
1758551140473449314,/cmd_vel,0.0,0.0,0.0,0.0,0.0,0.0
1758551140577028600,/cmd_vel,0.0,0.0,0.0,0.0,0.0,0.0
1758551140597528281,/cmd_vel,0.005,0.0,0.0,0.0,0.0,0.0
1758551140697438354,/cmd_vel,0.01,0.0,0.0,0.0,0.0,0.0
1758551140797787505,/cmd_vel,0.01,0.0,0.0,0.0,0.0,0.0
1758551140808672139,/cmd_vel,0.01,0.0,0.0,0.0,0.0,-0.05
1758551140909046678,/cmd_vel,0.01,0.0,0.0,0.0,0.0,-0.1
1758551141010166585,/cmd_vel,0.01,0.0,0.0,0.0,0.0,-0.1
1758551141111087885,/cmd_vel,0.01,0.0,0.0,0.0,0.0,-0.1
1758551141212321559,/cmd_vel,0.01,0.0,0.0,0.0,0.0,-0.1
1758551141277943874,/cmd_vel,0.01,0.0,0.0,0.0,0.0,-0.15000000000000002
1758551141378941837,/cmd_vel,0.01,0.0,0.0,0.0,0.0,-0.2
1758551141484137564,/cmd_vel,0.01,0.0,0.0,0.0,0.0,-0.2
1758551141585901975,/cmd_vel,0.01,0.0,0.0,0.0,0.0,-0.2
1758551141590697707,/cmd_vel,0.01,0.0,0.0,0.0,0.0,-0.25
1758551141694794212,/cmd_vel,0.01,0.0,0.0,0.0,0.0,-0.3
1758551141795776156,/cmd_vel,0.01,0.0,0.0,0.0,0.0,-0.30000000000000004
1758551141896192155,/cmd_vel,0.01,0.0,0.0,0.0,0.0,-0.30000000000000004
1758551141997515173,/cmd_vel,0.01,0.0,0.0,0.0,0.0,-0.30000000000000004
1758551142098232107,/cmd_vel,0.01,0.0,0.0,0.0,0.0,-0.30000000000000004
1758551142108401987,/cmd_vel,0.0,0.0,0.0,0.0,0.0,0.0
1758551142208750403,/cmd_vel,0.0,0.0,0.0,0.0,0.0,0.0
1758551142309581348,/cmd_vel,0.0,0.0,0.0,0.0,0.0,0.0
1758551142410212129,/cmd_vel,0.0,0.0,0.0,0.0,0.0,0.0
1758551142510735604,/cmd_vel,0.0,0.0,0.0,0.0,0.0,0.0
1758551142611267753,/cmd_vel,0.0,0.0,0.0,0.0,0.0,0.0
1758551142712427435,/cmd_vel,0.0,0.0,0.0,0.0,0.0,0.0
1758551142813957585,/cmd_vel,0.0,0.0,0.0,0.0,0.0,0.0
1758551142917154161,/cmd_vel,0.0,0.0,0.0,0.0,0.0,0.0
1758551143017530293,/cmd_vel,0.0,0.0,0.0,0.0,0.0,0.0
1758551143118036914,/cmd_vel,0.0,0.0,0.0,0.0,0.0,0.0
1758551143218752975,/cmd_vel,0.0,0.0,0.0,0.0,0.0,0.0
1758551143319530991,/cmd_vel,0.0,0.0,0.0,0.0,0.0,0.0
1758551143420025712,/cmd_vel,0.0,0.0,0.0,0.0,0.0,0.0
1758551143520533576,/cmd_vel,0.0,0.0,0.0,0.0,0.0,0.0
1758551143631899887,/cmd_vel,0.0,0.0,0.0,0.0,0.0,0.0
1758551143736785988,/cmd_vel,0.0,0.0,0.0,0.0,0.0,0.0
1758551143843986141,/cmd_vel,0.0,0.0,0.0,0.0,0.0,0.0
1758551143946571188,/cmd_vel,0.0,0.0,0.0,0.0,0.0,0.0
1758551144048291746,/cmd_vel,0.0,0.0,0.0,0.0,0.0,0.0
1758551144151525010,/cmd_vel,0.0,0.0,0.0,0.0,0.0,0.0
1758551144259050500,/cmd_vel,0.0,0.0,0.0,0.0,0.0,0.0
1758551144363225459,/cmd_vel,0.0,0.0,0.0,0.0,0.0,0.0
1758551144464760269,/cmd_vel,0.0,0.0,0.0,0.0,0.0,0.0
1758551144564995368,/cmd_vel,0.0,0.0,0.0,0.0,0.0,0.0
1758551144665485150,/cmd_vel,0.0,0.0,0.0,0.0,0.0,0.0
1758551144766351318,/cmd_vel,0.0,0.0,0.0,0.0,0.0,0.0
1758551144871294097,/cmd_vel,0.0,0.0,0.0,0.0,0.0,0.0
1758551144977315878,/cmd_vel,0.0,0.0,0.0,0.0,0.0,0.0
1758551145077785973,/cmd_vel,0.0,0.0,0.0,0.0,0.0,0.0
1758551145182568184,/cmd_vel,0.0,0.0,0.0,0.0,0.0,0.0
1758551145285719747,/cmd_vel,0.0,0.0,0.0,0.0,0.0,0.0
1758551145386881678,/cmd_vel,0.0,0.0,0.0,0.0,0.0,0.0
1758551145494503695,/cmd_vel,0.0,0.0,0.0,0.0,0.0,0.0
1758551145594302568,/cmd_vel,0.0,0.0,0.0,0.0,0.0,0.0
1758551145696053348,/cmd_vel,0.0,0.0,0.0,0.0,0.0,0.0
1758551145799047933,/cmd_vel,0.0,0.0,0.0,0.0,0.0,0.0
1758551145899527233,/cmd_vel,0.0,0.0,0.0,0.0,0.0,0.0
1758551146000777270,/cmd_vel,0.0,0.0,0.0,0.0,0.0,0.0
1758551146103529894,/cmd_vel,0.0,0.0,0.0,0.0,0.0,0.0
1758551146205739508,/cmd_vel,0.0,0.0,0.0,0.0,0.0,0.0
1758551146305753380,/cmd_vel,0.0,0.0,0.0,0.0,0.0,0.0
1758551146406847873,/cmd_vel,0.0,0.0,0.0,0.0,0.0,0.0
1758551146511914280,/cmd_vel,0.0,0.0,0.0,0.0,0.0,0.0
1758551146613440338,/cmd_vel,0.0,0.0,0.0,0.0,0.0,0.0
1758551146716849883,/cmd_vel,0.0,0.0,0.0,0.0,0.0,0.0
1758551146820568196,/cmd_vel,0.0,0.0,0.0,0.0,0.0,0.0
1758551146927055943,/cmd_vel,0.0,0.0,0.0,0.0,0.0,0.0
1758551147028354396,/cmd_vel,0.0,0.0,0.0,0.0,0.0,0.0
1758551147060574143,/cmd_vel,0.005,0.0,0.0,0.0,0.0,0.0
1758551147161456597,/cmd_vel,0.01,0.0,0.0,0.0,0.0,0.0
1758551147261997704,/cmd_vel,0.01,0.0,0.0,0.0,0.0,0.0
1758551147276803702,/cmd_vel,0.015,0.0,0.0,0.0,0.0,0.0
1758551147378234692,/cmd_vel,0.02,0.0,0.0,0.0,0.0,0.0
1758551147484527155,/cmd_vel,0.02,0.0,0.0,0.0,0.0,0.0
1758551147591043112,/cmd_vel,0.02,0.0,0.0,0.0,0.0,0.0
1758551147659665970,/cmd_vel,0.025,0.0,0.0,0.0,0.0,0.0
1758551147760417246,/cmd_vel,0.03,0.0,0.0,0.0,0.0,0.0
1758551147861855926,/cmd_vel,0.03,0.0,0.0,0.0,0.0,0.0
1758551147962480274,/cmd_vel,0.03,0.0,0.0,0.0,0.0,0.0
1758551148063018971,/cmd_vel,0.03,0.0,0.0,0.0,0.0,0.0
1758551148163575135,/cmd_vel,0.03,0.0,0.0,0.0,0.0,0.0
1758551148264134392,/cmd_vel,0.03,0.0,0.0,0.0,0.0,0.0
1758551148365139414,/cmd_vel,0.03,0.0,0.0,0.0,0.0,0.0
1758551148465672678,/cmd_vel,0.03,0.0,0.0,0.0,0.0,0.0
1758551148566065056,/cmd_vel,0.03,0.0,0.0,0.0,0.0,0.0
1758551148666724189,/cmd_vel,0.03,0.0,0.0,0.0,0.0,0.0
1758551148772436462,/cmd_vel,0.03,0.0,0.0,0.0,0.0,0.0
1758551148873165443,/cmd_vel,0.03,0.0,0.0,0.0,0.0,0.0
1758551148974801909,/cmd_vel,0.03,0.0,0.0,0.0,0.0,0.0
1758551149075576052,/cmd_vel,0.03,0.0,0.0,0.0,0.0,0.0
1758551149175945194,/cmd_vel,0.03,0.0,0.0,0.0,0.0,0.0
1758551149276445680,/cmd_vel,0.03,0.0,0.0,0.0,0.0,0.0
1758551149377323048,/cmd_vel,0.03,0.0,0.0,0.0,0.0,0.0
1758551149478621019,/cmd_vel,0.03,0.0,0.0,0.0,0.0,0.0
1758551149582475512,/cmd_vel,0.03,0.0,0.0,0.0,0.0,0.0
1758551149687382309,/cmd_vel,0.03,0.0,0.0,0.0,0.0,0.0
1758551149793292300,/cmd_vel,0.03,0.0,0.0,0.0,0.0,0.0
1758551149896835584,/cmd_vel,0.03,0.0,0.0,0.0,0.0,0.0
1758551150000635469,/cmd_vel,0.03,0.0,0.0,0.0,0.0,0.0
1758551150025250910,/cmd_vel,0.034999999999999996,0.0,0.0,0.0,0.0,0.0
1758551150128131250,/cmd_vel,0.039999999999999994,0.0,0.0,0.0,0.0,0.0
1758551150229769482,/cmd_vel,0.04,0.0,0.0,0.0,0.0,0.0
1758551150330099630,/cmd_vel,0.04,0.0,0.0,0.0,0.0,0.0
1758551150430384195,/cmd_vel,0.04,0.0,0.0,0.0,0.0,0.0
1758551150523921663,/cmd_vel,0.045,0.0,0.0,0.0,0.0,0.0
1758551150558526588,/cmd_vel,0.049999999999999996,0.0,0.0,0.0,0.0,0.0
1758551150595048363,/cmd_vel,0.05499999999999999,0.0,0.0,0.0,0.0,0.0
1758551150626323229,/cmd_vel,0.05999999999999999,0.0,0.0,0.0,0.0,0.0
1758551150651432690,/cmd_vel,0.06499999999999999,0.0,0.0,0.0,0.0,0.0
1758551150679271800,/cmd_vel,0.06999999999999999,0.0,0.0,0.0,0.0,0.0
1758551150707967500,/cmd_vel,0.075,0.0,0.0,0.0,0.0,0.0
1758551150742383208,/cmd_vel,0.08,0.0,0.0,0.0,0.0,0.0
1758551150773065451,/cmd_vel,0.085,0.0,0.0,0.0,0.0,0.0
1758551150800406135,/cmd_vel,0.09000000000000001,0.0,0.0,0.0,0.0,0.0
1758551150827472281,/cmd_vel,0.09500000000000001,0.0,0.0,0.0,0.0,0.0
1758551150865431752,/cmd_vel,0.10000000000000002,0.0,0.0,0.0,0.0,0.0
1758551150908888423,/cmd_vel,0.10500000000000002,0.0,0.0,0.0,0.0,0.0
1758551150917628709,/cmd_vel,0.11000000000000003,0.0,0.0,0.0,0.0,0.0
1758551150959506806,/cmd_vel,0.11500000000000003,0.0,0.0,0.0,0.0,0.0
1758551151005303797,/cmd_vel,0.12000000000000004,0.0,0.0,0.0,0.0,0.0
1758551151018230530,/cmd_vel,0.12500000000000003,0.0,0.0,0.0,0.0,0.0
1758551151054943538,/cmd_vel,0.13000000000000003,0.0,0.0,0.0,0.0,0.0
1758551151067335956,/cmd_vel,0.13500000000000004,0.0,0.0,0.0,0.0,0.0
1758551151111839586,/cmd_vel,0.14000000000000004,0.0,0.0,0.0,0.0,0.0
1758551151126948644,/cmd_vel,0.14500000000000005,0.0,0.0,0.0,0.0,0.0
1758551151181141556,/cmd_vel,0.15000000000000005,0.0,0.0,0.0,0.0,0.0
1758551151205340553,/cmd_vel,0.15500000000000005,0.0,0.0,0.0,0.0,0.0
1758551151245562364,/cmd_vel,0.16000000000000006,0.0,0.0,0.0,0.0,0.0
1758551151280820472,/cmd_vel,0.16500000000000006,0.0,0.0,0.0,0.0,0.0
1758551151282148366,/cmd_vel,0.17000000000000007,0.0,0.0,0.0,0.0,0.0
1758551151323729207,/cmd_vel,0.17500000000000007,0.0,0.0,0.0,0.0,0.0
1758551151374937004,/cmd_vel,0.18000000000000008,0.0,0.0,0.0,0.0,0.0
1758551151376086169,/cmd_vel,0.18500000000000008,0.0,0.0,0.0,0.0,0.0
1758551151405472592,/cmd_vel,0.19000000000000009,0.0,0.0,0.0,0.0,0.0
1758551151445679768,/cmd_vel,0.1950000000000001,0.0,0.0,0.0,0.0,0.0
1758551151484917154,/cmd_vel,0.2000000000000001,0.0,0.0,0.0,0.0,0.0
1758551151500475716,/cmd_vel,0.2050000000000001,0.0,0.0,0.0,0.0,0.0
1758551151538879435,/cmd_vel,0.2100000000000001,0.0,0.0,0.0,0.0,0.0
1758551151577107650,/cmd_vel,0.2150000000000001,0.0,0.0,0.0,0.0,0.0
1758551151593740651,/cmd_vel,0.22,0.0,0.0,0.0,0.0,-0.05
1758551151695048963,/cmd_vel,0.22,0.0,0.0,0.0,0.0,-0.1
1758551151796986940,/cmd_vel,0.22,0.0,0.0,0.0,0.0,-0.1
1758551151899755952,/cmd_vel,0.22,0.0,0.0,0.0,0.0,-0.1
1758551152001727353,/cmd_vel,0.22,0.0,0.0,0.0,0.0,-0.1
1758551152092273439,/cmd_vel,0.22,0.0,0.0,0.0,0.0,-0.15000000000000002
1758551152123793642,/cmd_vel,0.22,0.0,0.0,0.0,0.0,-0.2
1758551152160377760,/cmd_vel,0.22,0.0,0.0,0.0,0.0,-0.25
1758551152223999500,/cmd_vel,0.22,0.0,0.0,0.0,0.0,-0.3
1758551152241637858,/cmd_vel,0.22,0.0,0.0,0.0,0.0,-0.35
1758551152244595084,/cmd_vel,0.22,0.0,0.0,0.0,0.0,-0.39999999999999997
1758551152290798950,/cmd_vel,0.22,0.0,0.0,0.0,0.0,-0.44999999999999996
1758551152310083699,/cmd_vel,0.22,0.0,0.0,0.0,0.0,-0.49999999999999994
1758551152369324060,/cmd_vel,0.22,0.0,0.0,0.0,0.0,-0.5499999999999999
1758551152373254621,/cmd_vel,0.22,0.0,0.0,0.0,0.0,-0.6
1758551152416413331,/cmd_vel,0.22,0.0,0.0,0.0,0.0,-0.65
1758551152451911452,/cmd_vel,0.22,0.0,0.0,0.0,0.0,-0.7000000000000001
1758551152483548911,/cmd_vel,0.22,0.0,0.0,0.0,0.0,-0.7500000000000001
1758551152511587058,/cmd_vel,0.22,0.0,0.0,0.0,0.0,-0.8000000000000002
1758551152528352957,/cmd_vel,0.22,0.0,0.0,0.0,0.0,-0.8500000000000002
1758551152577600028,/cmd_vel,0.22,0.0,0.0,0.0,0.0,-0.9000000000000002
1758551152581766784,/cmd_vel,0.22,0.0,0.0,0.0,0.0,-0.9500000000000003
1758551152627964809,/cmd_vel,0.22,0.0,0.0,0.0,0.0,-1.0000000000000002
1758551152650794419,/cmd_vel,0.22,0.0,0.0,0.0,0.0,-1.0500000000000003
1758551152670692241,/cmd_vel,0.22,0.0,0.0,0.0,0.0,-1.1000000000000003
1758551152708691699,/cmd_vel,0.22,0.0,0.0,0.0,0.0,-1.1500000000000004
1758551152748084852,/cmd_vel,0.22,0.0,0.0,0.0,0.0,-1.2000000000000004
1758551152773747921,/cmd_vel,0.22,0.0,0.0,0.0,0.0,-1.2500000000000004
1758551152808042401,/cmd_vel,0.22,0.0,0.0,0.0,0.0,-1.3000000000000005
1758551152830791575,/cmd_vel,0.22,0.0,0.0,0.0,0.0,-1.3500000000000005
1758551152856121251,/cmd_vel,0.22,0.0,0.0,0.0,0.0,-1.4000000000000006
1758551152884668944,/cmd_vel,0.22,0.0,0.0,0.0,0.0,-1.4500000000000006
1758551152909094896,/cmd_vel,0.22,0.0,0.0,0.0,0.0,-1.5000000000000007
1758551152966832760,/cmd_vel,0.22,0.0,0.0,0.0,0.0,-1.5500000000000007
1758551152990119345,/cmd_vel,0.22,0.0,0.0,0.0,0.0,-1.6000000000000008
1758551153018209669,/cmd_vel,0.22,0.0,0.0,0.0,0.0,-1.6500000000000008
1758551153063276155,/cmd_vel,0.22,0.0,0.0,0.0,0.0,-1.7000000000000008
1758551153072869097,/cmd_vel,0.22,0.0,0.0,0.0,0.0,-1.7500000000000009
1758551153100225631,/cmd_vel,0.22,0.0,0.0,0.0,0.0,-1.800000000000001
1758551153152148552,/cmd_vel,0.22,0.0,0.0,0.0,0.0,-1.850000000000001
1758551153159089666,/cmd_vel,0.22,0.0,0.0,0.0,0.0,-1.900000000000001
1758551153195824368,/cmd_vel,0.22,0.0,0.0,0.0,0.0,-1.950000000000001
1758551153223166254,/cmd_vel,0.22,0.0,0.0,0.0,0.0,-2.000000000000001
1758551153249618520,/cmd_vel,0.22,0.0,0.0,0.0,0.0,-2.0500000000000007
1758551153296625926,/cmd_vel,0.22,0.0,0.0,0.0,0.0,-2.1000000000000005
1758551153320323724,/cmd_vel,0.22,0.0,0.0,0.0,0.0,-2.1500000000000004
1758551153361824562,/cmd_vel,0.22,0.0,0.0,0.0,0.0,-2.2
1758551153362646209,/cmd_vel,0.22,0.0,0.0,0.0,0.0,-2.25
1758551153463659766,/cmd_vel,0.22,0.0,0.0,0.0,0.0,-2.3
1758551153570419930,/cmd_vel,0.22,0.0,0.0,0.0,0.0,-2.3499999999999996
1758551153672534436,/cmd_vel,0.22,0.0,0.0,0.0,0.0,-2.3999999999999995
1758551153776711153,/cmd_vel,0.22,0.0,0.0,0.0,0.0,-2.4499999999999993
1758551153865177579,/cmd_vel,0.22,0.0,0.0,0.0,0.0,-2.499999999999999
1758551153896634492,/cmd_vel,0.22,0.0,0.0,0.0,0.0,-2.549999999999999
1758551153943590639,/cmd_vel,0.22,0.0,0.0,0.0,0.0,-2.5999999999999988
1758551153955183936,/cmd_vel,0.22,0.0,0.0,0.0,0.0,-2.6499999999999986
1758551154002736498,/cmd_vel,0.22,0.0,0.0,0.0,0.0,-2.6999999999999984
1758551154019945666,/cmd_vel,0.22,0.0,0.0,0.0,0.0,-2.7499999999999982
1758551154067459889,/cmd_vel,0.22,0.0,0.0,0.0,0.0,-2.799999999999998
1758551154091229921,/cmd_vel,0.22,0.0,0.0,0.0,0.0,-2.84
1758551154115574686,/cmd_vel,0.22,0.0,0.0,0.0,0.0,-2.84
1758551154142438965,/cmd_vel,0.22,0.0,0.0,0.0,0.0,-2.84
1758551154167985333,/cmd_vel,0.22,0.0,0.0,0.0,0.0,-2.84
1758551154205199502,/cmd_vel,0.22,0.0,0.0,0.0,0.0,-2.84
1758551154243969673,/cmd_vel,0.22,0.0,0.0,0.0,0.0,-2.84
1758551154257027396,/cmd_vel,0.22,0.0,0.0,0.0,0.0,-2.84
1758551154307713881,/cmd_vel,0.22,0.0,0.0,0.0,0.0,-2.84
1758551154326916117,/cmd_vel,0.22,0.0,0.0,0.0,0.0,-2.84
1758551154358397431,/cmd_vel,0.22,0.0,0.0,0.0,0.0,-2.84
1758551154392033620,/cmd_vel,0.22,0.0,0.0,0.0,0.0,-2.84
1758551154417094867,/cmd_vel,0.22,0.0,0.0,0.0,0.0,-2.84
1758551154437913295,/cmd_vel,0.22,0.0,0.0,0.0,0.0,-2.84
1758551154479307243,/cmd_vel,0.22,0.0,0.0,0.0,0.0,-2.84
1758551154504901618,/cmd_vel,0.22,0.0,0.0,0.0,0.0,-2.84
1758551154535373865,/cmd_vel,0.22,0.0,0.0,0.0,0.0,-2.84
1758551154576294260,/cmd_vel,0.22,0.0,0.0,0.0,0.0,-2.84
1758551154677020601,/cmd_vel,0.22,0.0,0.0,0.0,0.0,-2.84
1758551154777888997,/cmd_vel,0.22,0.0,0.0,0.0,0.0,-2.84
1758551154878904203,/cmd_vel,0.22,0.0,0.0,0.0,0.0,-2.84
1758551154895304218,/cmd_vel,0.22,0.0,0.0,0.0,0.0,-2.84
1758551155007184549,/cmd_vel,0.22,0.0,0.0,0.0,0.0,-2.84
1758551155120489487,/cmd_vel,0.22,0.0,0.0,0.0,0.0,-2.84
1758551155221753820,/cmd_vel,0.22,0.0,0.0,0.0,0.0,-2.84
1758551155323195868,/cmd_vel,0.22,0.0,0.0,0.0,0.0,-2.84
1758551155394346251,/cmd_vel,0.22,0.0,0.0,0.0,0.0,-2.84
1758551155429696285,/cmd_vel,0.22,0.0,0.0,0.0,0.0,-2.84
1758551155471938220,/cmd_vel,0.22,0.0,0.0,0.0,0.0,-2.84
1758551155503196659,/cmd_vel,0.22,0.0,0.0,0.0,0.0,-2.84
1758551155546478096,/cmd_vel,0.22,0.0,0.0,0.0,0.0,-2.84
1758551155547444171,/cmd_vel,0.22,0.0,0.0,0.0,0.0,-2.84
1758551155575750633,/cmd_vel,0.22,0.0,0.0,0.0,0.0,-2.84
1758551155608657688,/cmd_vel,0.22,0.0,0.0,0.0,0.0,-2.84
1758551155643844220,/cmd_vel,0.22,0.0,0.0,0.0,0.0,-2.84
1758551155683186472,/cmd_vel,0.22,0.0,0.0,0.0,0.0,-2.84
1758551155713478275,/cmd_vel,0.22,0.0,0.0,0.0,0.0,-2.84
1758551155739741528,/cmd_vel,0.22,0.0,0.0,0.0,0.0,-2.84
1758551155788475174,/cmd_vel,0.22,0.0,0.0,0.0,0.0,-2.84
1758551155789286577,/cmd_vel,0.22,0.0,0.0,0.0,0.0,-2.84
1758551155824550635,/cmd_vel,0.22,0.0,0.0,0.0,0.0,-2.84
1758551155871128585,/cmd_vel,0.22,0.0,0.0,0.0,0.0,-2.84
1758551155882770301,/cmd_vel,0.22,0.0,0.0,0.0,0.0,-2.84
1758551155920758041,/cmd_vel,0.22,0.0,0.0,0.0,0.0,-2.84
1758551155949425936,/cmd_vel,0.22,0.0,0.0,0.0,0.0,-2.84
1758551155991727802,/cmd_vel,0.22,0.0,0.0,0.0,0.0,-2.84
1758551156008483302,/cmd_vel,0.22,0.0,0.0,0.0,0.0,-2.84
1758551156047363738,/cmd_vel,0.22,0.0,0.0,0.0,0.0,-2.84
1758551156060428822,/cmd_vel,0.22,0.0,0.0,0.0,0.0,-2.84
1758551156112901028,/cmd_vel,0.22,0.0,0.0,0.0,0.0,-2.84
1758551156131831867,/cmd_vel,0.22,0.0,0.0,0.0,0.0,-2.84
1758551156155073938,/cmd_vel,0.22,0.0,0.0,0.0,0.0,-2.84
1758551156184432730,/cmd_vel,0.22,0.0,0.0,0.0,0.0,-2.84
1758551156205354862,/cmd_vel,0.22,0.0,0.0,0.0,0.0,-2.79
1758551156310030750,/cmd_vel,0.22,0.0,0.0,0.0,0.0,-2.74
1758551156410387095,/cmd_vel,0.22,0.0,0.0,0.0,0.0,-2.7399999999999998
1758551156513196687,/cmd_vel,0.22,0.0,0.0,0.0,0.0,-2.7399999999999998
1758551156615135250,/cmd_vel,0.22,0.0,0.0,0.0,0.0,-2.7399999999999998
1758551156704330803,/cmd_vel,0.22,0.0,0.0,0.0,0.0,-2.69
1758551156742200867,/cmd_vel,0.22,0.0,0.0,0.0,0.0,-2.64
1758551156794966270,/cmd_vel,0.22,0.0,0.0,0.0,0.0,-2.5900000000000003
1758551156803100044,/cmd_vel,0.22,0.0,0.0,0.0,0.0,-2.5400000000000005
1758551156845374500,/cmd_vel,0.22,0.0,0.0,0.0,0.0,-2.4900000000000007
1758551156859880101,/cmd_vel,0.22,0.0,0.0,0.0,0.0,-2.440000000000001
1758551156903148222,/cmd_vel,0.22,0.0,0.0,0.0,0.0,-2.390000000000001
1758551156916407462,/cmd_vel,0.22,0.0,0.0,0.0,0.0,-2.340000000000001
1758551156962412318,/cmd_vel,0.22,0.0,0.0,0.0,0.0,-2.2900000000000014
1758551156980212928,/cmd_vel,0.22,0.0,0.0,0.0,0.0,-2.2400000000000015
1758551157027648227,/cmd_vel,0.22,0.0,0.0,0.0,0.0,-2.1900000000000017
1758551157041436201,/cmd_vel,0.22,0.0,0.0,0.0,0.0,-2.140000000000002
1758551157098663873,/cmd_vel,0.22,0.0,0.0,0.0,0.0,-2.090000000000002
1758551157114236912,/cmd_vel,0.22,0.0,0.0,0.0,0.0,-2.0400000000000023
1758551157132108078,/cmd_vel,0.22,0.0,0.0,0.0,0.0,-1.9900000000000022
1758551157183210510,/cmd_vel,0.22,0.0,0.0,0.0,0.0,-1.9400000000000022
1758551157193322093,/cmd_vel,0.22,0.0,0.0,0.0,0.0,-1.8900000000000021
1758551157234815088,/cmd_vel,0.22,0.0,0.0,0.0,0.0,-1.840000000000002
1758551157247552887,/cmd_vel,0.22,0.0,0.0,0.0,0.0,-1.790000000000002
1758551157295297058,/cmd_vel,0.22,0.0,0.0,0.0,0.0,-1.740000000000002
1758551157309537445,/cmd_vel,0.22,0.0,0.0,0.0,0.0,-1.690000000000002
1758551157361426258,/cmd_vel,0.22,0.0,0.0,0.0,0.0,-1.640000000000002
1758551157366742331,/cmd_vel,0.22,0.0,0.0,0.0,0.0,-1.5900000000000019
1758551157402502146,/cmd_vel,0.22,0.0,0.0,0.0,0.0,-1.5400000000000018
1758551157427380650,/cmd_vel,0.22,0.0,0.0,0.0,0.0,-1.4900000000000018
1758551157477164298,/cmd_vel,0.22,0.0,0.0,0.0,0.0,-1.4400000000000017
1758551157496461686,/cmd_vel,0.22,0.0,0.0,0.0,0.0,-1.3900000000000017
1758551157536281379,/cmd_vel,0.22,0.0,0.0,0.0,0.0,-1.3400000000000016
1758551157552493448,/cmd_vel,0.22,0.0,0.0,0.0,0.0,-1.2900000000000016
1758551157588324841,/cmd_vel,0.22,0.0,0.0,0.0,0.0,-1.2400000000000015
1758551157614111413,/cmd_vel,0.22,0.0,0.0,0.0,0.0,-1.1900000000000015
1758551157640733725,/cmd_vel,0.22,0.0,0.0,0.0,0.0,-1.1400000000000015
1758551157674229398,/cmd_vel,0.22,0.0,0.0,0.0,0.0,-1.0900000000000014
1758551157708789568,/cmd_vel,0.22,0.0,0.0,0.0,0.0,-1.0400000000000014
1758551157749571148,/cmd_vel,0.22,0.0,0.0,0.0,0.0,-0.9900000000000013
1758551157761137896,/cmd_vel,0.22,0.0,0.0,0.0,0.0,-0.9400000000000013
1758551157811024237,/cmd_vel,0.22,0.0,0.0,0.0,0.0,-0.8900000000000012
1758551157828347578,/cmd_vel,0.22,0.0,0.0,0.0,0.0,-0.8400000000000012
1758551157854830663,/cmd_vel,0.22,0.0,0.0,0.0,0.0,-0.7900000000000011
1758551157878989583,/cmd_vel,0.22,0.0,0.0,0.0,0.0,-0.7400000000000011
1758551157907657088,/cmd_vel,0.22,0.0,0.0,0.0,0.0,-0.6900000000000011
1758551157946021575,/cmd_vel,0.22,0.0,0.0,0.0,0.0,-0.640000000000001
1758551157983151473,/cmd_vel,0.22,0.0,0.0,0.0,0.0,-0.590000000000001
1758551157994941190,/cmd_vel,0.22,0.0,0.0,0.0,0.0,-0.5400000000000009
1758551158033323491,/cmd_vel,0.22,0.0,0.0,0.0,0.0,-0.49000000000000093
1758551158062286564,/cmd_vel,0.22,0.0,0.0,0.0,0.0,-0.44000000000000095
1758551158093599288,/cmd_vel,0.22,0.0,0.0,0.0,0.0,-0.39000000000000096
1758551158128188418,/cmd_vel,0.22,0.0,0.0,0.0,0.0,-0.34000000000000097
1758551158156368903,/cmd_vel,0.22,0.0,0.0,0.0,0.0,-0.290000000000001
1758551158179861585,/cmd_vel,0.22,0.0,0.0,0.0,0.0,-0.240000000000001
1758551158213134582,/cmd_vel,0.22,0.0,0.0,0.0,0.0,-0.190000000000001
1758551158241873380,/cmd_vel,0.22,0.0,0.0,0.0,0.0,-0.140000000000001
1758551158270543505,/cmd_vel,0.22,0.0,0.0,0.0,0.0,-0.09000000000000101
1758551158307785435,/cmd_vel,0.22,0.0,0.0,0.0,0.0,-0.04000000000000101
1758551158333920923,/cmd_vel,0.22,0.0,0.0,0.0,0.0,0.009999999999998996
1758551158363520219,/cmd_vel,0.22,0.0,0.0,0.0,0.0,0.059999999999999
1758551158389211214,/cmd_vel,0.22,0.0,0.0,0.0,0.0,0.109999999999999
1758551158438808924,/cmd_vel,0.22,0.0,0.0,0.0,0.0,0.159999999999999
1758551158451045601,/cmd_vel,0.22,0.0,0.0,0.0,0.0,0.20999999999999902
1758551158505539961,/cmd_vel,0.22,0.0,0.0,0.0,0.0,0.259999999999999
1758551158519051181,/cmd_vel,0.22,0.0,0.0,0.0,0.0,0.309999999999999
1758551158536893748,/cmd_vel,0.22,0.0,0.0,0.0,0.0,0.359999999999999
1758551158581406433,/cmd_vel,0.22,0.0,0.0,0.0,0.0,0.409999999999999
1758551158614149555,/cmd_vel,0.22,0.0,0.0,0.0,0.0,0.45999999999999897
1758551158641279107,/cmd_vel,0.22,0.0,0.0,0.0,0.0,0.509999999999999
1758551158671137434,/cmd_vel,0.22,0.0,0.0,0.0,0.0,0.559999999999999
1758551158706414074,/cmd_vel,0.22,0.0,0.0,0.0,0.0,0.6099999999999991
1758551158721614823,/cmd_vel,0.22,0.0,0.0,0.0,0.0,0.6599999999999991
1758551158749966745,/cmd_vel,0.22,0.0,0.0,0.0,0.0,0.7099999999999992
1758551158773911042,/cmd_vel,0.22,0.0,0.0,0.0,0.0,0.7599999999999992
1758551158874775988,/cmd_vel,0.22,0.0,0.0,0.0,0.0,0.8099999999999993
1758551158975193536,/cmd_vel,0.22,0.0,0.0,0.0,0.0,0.8599999999999993
1758551159085338280,/cmd_vel,0.22,0.0,0.0,0.0,0.0,0.9099999999999994
1758551159189641428,/cmd_vel,0.22,0.0,0.0,0.0,0.0,0.9599999999999994
1758551159282153459,/cmd_vel,0.22,0.0,0.0,0.0,0.0,1.0099999999999993
1758551159303423593,/cmd_vel,0.22,0.0,0.0,0.0,0.0,1.0599999999999994
1758551159341173809,/cmd_vel,0.22,0.0,0.0,0.0,0.0,1.1099999999999994
1758551159391802762,/cmd_vel,0.22,0.0,0.0,0.0,0.0,1.1599999999999995
1758551159413306844,/cmd_vel,0.22,0.0,0.0,0.0,0.0,1.2099999999999995
1758551159430740679,/cmd_vel,0.22,0.0,0.0,0.0,0.0,1.2599999999999996
1758551159456693994,/cmd_vel,0.22,0.0,0.0,0.0,0.0,1.3099999999999996
1758551159507543093,/cmd_vel,0.22,0.0,0.0,0.0,0.0,1.3599999999999997
1758551159530724545,/cmd_vel,0.22,0.0,0.0,0.0,0.0,1.4099999999999997
1758551159578269703,/cmd_vel,0.22,0.0,0.0,0.0,0.0,1.4599999999999997
1758551159579074412,/cmd_vel,0.22,0.0,0.0,0.0,0.0,1.5099999999999998
1758551159627529575,/cmd_vel,0.22,0.0,0.0,0.0,0.0,1.5599999999999998
1758551159654322253,/cmd_vel,0.22,0.0,0.0,0.0,0.0,1.6099999999999999
1758551159676454776,/cmd_vel,0.22,0.0,0.0,0.0,0.0,1.66
1758551159718091605,/cmd_vel,0.22,0.0,0.0,0.0,0.0,1.71
1758551159738059145,/cmd_vel,0.22,0.0,0.0,0.0,0.0,1.76
1758551159767608347,/cmd_vel,0.22,0.0,0.0,0.0,0.0,1.81
1758551159797505560,/cmd_vel,0.22,0.0,0.0,0.0,0.0,1.86
1758551159819778426,/cmd_vel,0.22,0.0,0.0,0.0,0.0,1.9100000000000001
1758551159870018226,/cmd_vel,0.22,0.0,0.0,0.0,0.0,1.9600000000000002
1758551159884078633,/cmd_vel,0.22,0.0,0.0,0.0,0.0,2.0100000000000002
1758551159928363920,/cmd_vel,0.22,0.0,0.0,0.0,0.0,2.06
1758551159943074274,/cmd_vel,0.22,0.0,0.0,0.0,0.0,2.11
1758551159980688251,/cmd_vel,0.22,0.0,0.0,0.0,0.0,2.1599999999999997
1758551160008229353,/cmd_vel,0.22,0.0,0.0,0.0,0.0,2.2099999999999995
1758551160042034018,/cmd_vel,0.22,0.0,0.0,0.0,0.0,2.2599999999999993
1758551160065108598,/cmd_vel,0.22,0.0,0.0,0.0,0.0,2.309999999999999
1758551160094984839,/cmd_vel,0.22,0.0,0.0,0.0,0.0,2.359999999999999
1758551160121015839,/cmd_vel,0.22,0.0,0.0,0.0,0.0,2.409999999999999
1758551160149176066,/cmd_vel,0.22,0.0,0.0,0.0,0.0,2.4599999999999986
1758551160202594239,/cmd_vel,0.22,0.0,0.0,0.0,0.0,2.5099999999999985
1758551160215877491,/cmd_vel,0.22,0.0,0.0,0.0,0.0,2.5599999999999983
1758551160252780258,/cmd_vel,0.22,0.0,0.0,0.0,0.0,2.609999999999998
1758551160281085690,/cmd_vel,0.22,0.0,0.0,0.0,0.0,2.659999999999998
1758551160311577449,/cmd_vel,0.22,0.0,0.0,0.0,0.0,2.7099999999999977
1758551160336089821,/cmd_vel,0.22,0.0,0.0,0.0,0.0,2.7599999999999976
1758551160360840182,/cmd_vel,0.22,0.0,0.0,0.0,0.0,2.8099999999999974
1758551160388609548,/cmd_vel,0.22,0.0,0.0,0.0,0.0,2.84
1758551160425889881,/cmd_vel,0.22,0.0,0.0,0.0,0.0,2.84
1758551160463711799,/cmd_vel,0.22,0.0,0.0,0.0,0.0,2.84
1758551160488721319,/cmd_vel,0.22,0.0,0.0,0.0,0.0,2.84
1758551160518431659,/cmd_vel,0.22,0.0,0.0,0.0,0.0,2.84
1758551160547043785,/cmd_vel,0.22,0.0,0.0,0.0,0.0,2.84
1758551160582685588,/cmd_vel,0.22,0.0,0.0,0.0,0.0,2.84
1758551160598818920,/cmd_vel,0.22,0.0,0.0,0.0,0.0,2.84
1758551160628639770,/cmd_vel,0.22,0.0,0.0,0.0,0.0,2.84
1758551160681814007,/cmd_vel,0.22,0.0,0.0,0.0,0.0,2.84
1758551160696929983,/cmd_vel,0.22,0.0,0.0,0.0,0.0,2.84
1758551160739120147,/cmd_vel,0.22,0.0,0.0,0.0,0.0,2.84
1758551160760635810,/cmd_vel,0.22,0.0,0.0,0.0,0.0,2.84
1758551160786933614,/cmd_vel,0.22,0.0,0.0,0.0,0.0,2.84
1758551160813178227,/cmd_vel,0.22,0.0,0.0,0.0,0.0,2.84
1758551160853378802,/cmd_vel,0.22,0.0,0.0,0.0,0.0,2.84
1758551160888772814,/cmd_vel,0.22,0.0,0.0,0.0,0.0,2.84
1758551160901769370,/cmd_vel,0.22,0.0,0.0,0.0,0.0,2.84
1758551160939175738,/cmd_vel,0.22,0.0,0.0,0.0,0.0,2.84
1758551160963975558,/cmd_vel,0.22,0.0,0.0,0.0,0.0,2.84
1758551160997884113,/cmd_vel,0.22,0.0,0.0,0.0,0.0,2.84
1758551161046917878,/cmd_vel,0.22,0.0,0.0,0.0,0.0,2.84
1758551161059009715,/cmd_vel,0.22,0.0,0.0,0.0,0.0,2.84
1758551161098320536,/cmd_vel,0.22,0.0,0.0,0.0,0.0,2.84
1758551161113045533,/cmd_vel,0.22,0.0,0.0,0.0,0.0,2.84
1758551161156536172,/cmd_vel,0.22,0.0,0.0,0.0,0.0,2.84
1758551161257904690,/cmd_vel,0.22,0.0,0.0,0.0,0.0,2.84
1758551161264366268,/cmd_vel,0.0,0.0,0.0,0.0,0.0,0.0
1758551161371820465,/cmd_vel,0.0,0.0,0.0,0.0,0.0,0.0
1758551161482243592,/cmd_vel,0.0,0.0,0.0,0.0,0.0,0.0
1758551161582759562,/cmd_vel,0.0,0.0,0.0,0.0,0.0,0.0
1758551161703571487,/cmd_vel,0.0,0.0,0.0,0.0,0.0,0.0
1758551161789500255,/cmd_vel,0.0,0.0,0.0,0.0,0.0,0.0
1758551161795242744,/cmd_vel,0.0,0.0,0.0,0.0,0.0,0.0
1758551161824408053,/cmd_vel,0.0,0.0,0.0,0.0,0.0,0.0
1758551161860738669,/cmd_vel,0.0,0.0,0.0,0.0,0.0,0.0
1758551161907224915,/cmd_vel,0.0,0.0,0.0,0.0,0.0,0.0
1758551161919804735,/cmd_vel,0.0,0.0,0.0,0.0,0.0,0.0
1758551161960958492,/cmd_vel,0.0,0.0,0.0,0.0,0.0,0.0
1758551161978795469,/cmd_vel,0.0,0.0,0.0,0.0,0.0,0.0
1758551162018648646,/cmd_vel,0.0,0.0,0.0,0.0,0.0,0.0
1758551162121082782,/cmd_vel,0.0,0.0,0.0,0.0,0.0,0.0
1758551162158974718,/cmd_vel,0.005,0.0,0.0,0.0,0.0,0.0
1758551162266154267,/cmd_vel,0.01,0.0,0.0,0.0,0.0,0.0
1758551162368306550,/cmd_vel,0.01,0.0,0.0,0.0,0.0,0.0
1758551162468943622,/cmd_vel,0.01,0.0,0.0,0.0,0.0,0.0
1758551162569249081,/cmd_vel,0.01,0.0,0.0,0.0,0.0,0.0
1758551162659648553,/cmd_vel,0.015,0.0,0.0,0.0,0.0,0.0
1758551162691709066,/cmd_vel,0.02,0.0,0.0,0.0,0.0,0.0
1758551162742911689,/cmd_vel,0.025,0.0,0.0,0.0,0.0,0.0
1758551162765441178,/cmd_vel,0.030000000000000002,0.0,0.0,0.0,0.0,0.0
1758551162785306622,/cmd_vel,0.035,0.0,0.0,0.0,0.0,0.0
1758551162822644871,/cmd_vel,0.04,0.0,0.0,0.0,0.0,0.0
1758551162862040748,/cmd_vel,0.045,0.0,0.0,0.0,0.0,0.0
1758551162875142666,/cmd_vel,0.049999999999999996,0.0,0.0,0.0,0.0,0.0
1758551162913738580,/cmd_vel,0.05499999999999999,0.0,0.0,0.0,0.0,0.0
1758551162927956774,/cmd_vel,0.05999999999999999,0.0,0.0,0.0,0.0,0.0
1758551162964979837,/cmd_vel,0.06499999999999999,0.0,0.0,0.0,0.0,0.0
1758551163015451236,/cmd_vel,0.06999999999999999,0.0,0.0,0.0,0.0,0.0
1758551163030637793,/cmd_vel,0.075,0.0,0.0,0.0,0.0,0.0
1758551163077270026,/cmd_vel,0.08,0.0,0.0,0.0,0.0,0.0
1758551163085948716,/cmd_vel,0.085,0.0,0.0,0.0,0.0,0.0
1758551163124947856,/cmd_vel,0.09000000000000001,0.0,0.0,0.0,0.0,0.0
1758551163149484494,/cmd_vel,0.09500000000000001,0.0,0.0,0.0,0.0,0.0
1758551163186656477,/cmd_vel,0.10000000000000002,0.0,0.0,0.0,0.0,0.0
1758551163199488090,/cmd_vel,0.10500000000000002,0.0,0.0,0.0,0.0,0.0
1758551163244111077,/cmd_vel,0.11000000000000003,0.0,0.0,0.0,0.0,0.0
1758551163259252836,/cmd_vel,0.11500000000000003,0.0,0.0,0.0,0.0,0.0
1758551163298114566,/cmd_vel,0.12000000000000004,0.0,0.0,0.0,0.0,0.0
1758551163325999501,/cmd_vel,0.12500000000000003,0.0,0.0,0.0,0.0,0.0
1758551163351755195,/cmd_vel,0.13000000000000003,0.0,0.0,0.0,0.0,0.0
1758551163379244622,/cmd_vel,0.13500000000000004,0.0,0.0,0.0,0.0,0.0
1758551163418828857,/cmd_vel,0.14000000000000004,0.0,0.0,0.0,0.0,0.0
1758551163456217827,/cmd_vel,0.14500000000000005,0.0,0.0,0.0,0.0,0.0
1758551163468862318,/cmd_vel,0.15000000000000005,0.0,0.0,0.0,0.0,0.0
1758551163507209256,/cmd_vel,0.15500000000000005,0.0,0.0,0.0,0.0,0.0
1758551163534279260,/cmd_vel,0.16000000000000006,0.0,0.0,0.0,0.0,0.0
1758551163563120442,/cmd_vel,0.16500000000000006,0.0,0.0,0.0,0.0,0.0
1758551163596003017,/cmd_vel,0.17000000000000007,0.0,0.0,0.0,0.0,0.0
1758551163618006768,/cmd_vel,0.17500000000000007,0.0,0.0,0.0,0.0,0.0
1758551163670926779,/cmd_vel,0.18000000000000008,0.0,0.0,0.0,0.0,0.0
1758551163686520321,/cmd_vel,0.18500000000000008,0.0,0.0,0.0,0.0,0.0
1758551163727062419,/cmd_vel,0.19000000000000009,0.0,0.0,0.0,0.0,0.0
1758551163751569172,/cmd_vel,0.1950000000000001,0.0,0.0,0.0,0.0,0.0
1758551163793130681,/cmd_vel,0.2000000000000001,0.0,0.0,0.0,0.0,0.0
1758551163808223506,/cmd_vel,0.2050000000000001,0.0,0.0,0.0,0.0,0.0
1758551163833090828,/cmd_vel,0.2100000000000001,0.0,0.0,0.0,0.0,0.0
1758551163864767530,/cmd_vel,0.2150000000000001,0.0,0.0,0.0,0.0,0.0
1758551163888555426,/cmd_vel,0.22,0.0,0.0,0.0,0.0,0.0
1758551163927686571,/cmd_vel,0.22,0.0,0.0,0.0,0.0,0.0
1758551163954954277,/cmd_vel,0.22,0.0,0.0,0.0,0.0,0.0
1758551163997843377,/cmd_vel,0.22,0.0,0.0,0.0,0.0,0.0
1758551164013798353,/cmd_vel,0.22,0.0,0.0,0.0,0.0,0.0
1758551164048738390,/cmd_vel,0.22,0.0,0.0,0.0,0.0,0.0
1758551164073490979,/cmd_vel,0.22,0.0,0.0,0.0,0.0,0.0
1758551164111205269,/cmd_vel,0.22,0.0,0.0,0.0,0.0,-0.05
1758551164214298236,/cmd_vel,0.22,0.0,0.0,0.0,0.0,-0.1
1758551164316827560,/cmd_vel,0.22,0.0,0.0,0.0,0.0,-0.1
1758551164417747724,/cmd_vel,0.22,0.0,0.0,0.0,0.0,-0.1
1758551164521208269,/cmd_vel,0.22,0.0,0.0,0.0,0.0,-0.1
1758551164609766946,/cmd_vel,0.22,0.0,0.0,0.0,0.0,-0.15000000000000002
1758551164641015480,/cmd_vel,0.22,0.0,0.0,0.0,0.0,-0.2
1758551164673363885,/cmd_vel,0.22,0.0,0.0,0.0,0.0,-0.25
1758551164707174057,/cmd_vel,0.22,0.0,0.0,0.0,0.0,-0.3
1758551164731630762,/cmd_vel,0.22,0.0,0.0,0.0,0.0,-0.35
1758551164770301324,/cmd_vel,0.22,0.0,0.0,0.0,0.0,-0.39999999999999997
1758551164796973144,/cmd_vel,0.22,0.0,0.0,0.0,0.0,-0.44999999999999996
1758551164824000131,/cmd_vel,0.22,0.0,0.0,0.0,0.0,-0.49999999999999994
1758551164852587034,/cmd_vel,0.22,0.0,0.0,0.0,0.0,-0.5499999999999999
1758551164883921456,/cmd_vel,0.22,0.0,0.0,0.0,0.0,-0.6
1758551164935451419,/cmd_vel,0.22,0.0,0.0,0.0,0.0,-0.65
1758551164947309359,/cmd_vel,0.22,0.0,0.0,0.0,0.0,-0.7000000000000001
1758551164987914859,/cmd_vel,0.22,0.0,0.0,0.0,0.0,-0.7500000000000001
1758551165091871861,/cmd_vel,0.22,0.0,0.0,0.0,0.0,-0.8000000000000002
1758551165192752800,/cmd_vel,0.22,0.0,0.0,0.0,0.0,-0.8500000000000002
1758551165293436053,/cmd_vel,0.22,0.0,0.0,0.0,0.0,-0.9000000000000002
1758551165394425149,/cmd_vel,0.22,0.0,0.0,0.0,0.0,-0.9500000000000003
1758551165488135754,/cmd_vel,0.22,0.0,0.0,0.0,0.0,-1.0000000000000002
1758551165517570379,/cmd_vel,0.22,0.0,0.0,0.0,0.0,-0.9999999999999999
1758551165558402864,/cmd_vel,0.22,0.0,0.0,0.0,0.0,-0.9499999999999998
1758551165595327192,/cmd_vel,0.22,0.0,0.0,0.0,0.0,-0.8999999999999998
1758551165607490242,/cmd_vel,0.22,0.0,0.0,0.0,0.0,-0.8499999999999998
1758551165654149432,/cmd_vel,0.22,0.0,0.0,0.0,0.0,-0.7999999999999997
1758551165673994492,/cmd_vel,0.22,0.0,0.0,0.0,0.0,-0.7499999999999997
1758551165711765886,/cmd_vel,0.22,0.0,0.0,0.0,0.0,-0.6999999999999996
1758551165738727014,/cmd_vel,0.22,0.0,0.0,0.0,0.0,-0.6499999999999996
1758551165786903416,/cmd_vel,0.22,0.0,0.0,0.0,0.0,-0.5999999999999995
1758551165790206520,/cmd_vel,0.22,0.0,0.0,0.0,0.0,-0.5499999999999995
1758551165826999367,/cmd_vel,0.22,0.0,0.0,0.0,0.0,-0.4999999999999995
1758551165866869030,/cmd_vel,0.22,0.0,0.0,0.0,0.0,-0.4499999999999995
1758551165882268583,/cmd_vel,0.22,0.0,0.0,0.0,0.0,-0.3999999999999995
1758551165920109347,/cmd_vel,0.22,0.0,0.0,0.0,0.0,-0.34999999999999953
1758551165947506053,/cmd_vel,0.22,0.0,0.0,0.0,0.0,-0.29999999999999954
1758551165984513585,/cmd_vel,0.22,0.0,0.0,0.0,0.0,-0.24999999999999956
1758551166000174916,/cmd_vel,0.22,0.0,0.0,0.0,0.0,-0.19999999999999957
1758551166040201806,/cmd_vel,0.22,0.0,0.0,0.0,0.0,-0.14999999999999958
1758551166082670754,/cmd_vel,0.22,0.0,0.0,0.0,0.0,-0.09999999999999958
1758551166094775318,/cmd_vel,0.22,0.0,0.0,0.0,0.0,-0.04999999999999957
1758551166132445626,/cmd_vel,0.22,0.0,0.0,0.0,0.0,4.3021142204224816e-16
1758551166159243248,/cmd_vel,0.22,0.0,0.0,0.0,0.0,0.05000000000000043
1758551166186509876,/cmd_vel,0.22,0.0,0.0,0.0,0.0,0.10000000000000044
1758551166216040435,/cmd_vel,0.22,0.0,0.0,0.0,0.0,0.15000000000000044
1758551166255048624,/cmd_vel,0.22,0.0,0.0,0.0,0.0,0.20000000000000046
1758551166270930686,/cmd_vel,0.22,0.0,0.0,0.0,0.0,0.25000000000000044
1758551166307994566,/cmd_vel,0.22,0.0,0.0,0.0,0.0,0.30000000000000043
1758551166351650924,/cmd_vel,0.22,0.0,0.0,0.0,0.0,0.3500000000000004
1758551166365045125,/cmd_vel,0.22,0.0,0.0,0.0,0.0,0.4000000000000004
1758551166411194408,/cmd_vel,0.22,0.0,0.0,0.0,0.0,0.4500000000000004
1758551166426668419,/cmd_vel,0.22,0.0,0.0,0.0,0.0,0.5000000000000004
1758551166474121655,/cmd_vel,0.22,0.0,0.0,0.0,0.0,0.5500000000000005
1758551166492624527,/cmd_vel,0.22,0.0,0.0,0.0,0.0,0.6000000000000005
1758551166539389046,/cmd_vel,0.22,0.0,0.0,0.0,0.0,0.6500000000000006
1758551166540334027,/cmd_vel,0.22,0.0,0.0,0.0,0.0,0.7000000000000006
1758551166592693078,/cmd_vel,0.22,0.0,0.0,0.0,0.0,0.7500000000000007
1758551166608322088,/cmd_vel,0.22,0.0,0.0,0.0,0.0,0.8000000000000007
1758551166650306692,/cmd_vel,0.22,0.0,0.0,0.0,0.0,0.8500000000000008
1758551166664983845,/cmd_vel,0.22,0.0,0.0,0.0,0.0,0.9000000000000008
1758551166707577941,/cmd_vel,0.22,0.0,0.0,0.0,0.0,0.9500000000000008
1758551166720290782,/cmd_vel,0.22,0.0,0.0,0.0,0.0,1.0000000000000009
1758551166759239847,/cmd_vel,0.22,0.0,0.0,0.0,0.0,1.050000000000001
1758551166786344988,/cmd_vel,0.22,0.0,0.0,0.0,0.0,1.100000000000001
1758551166815499788,/cmd_vel,0.22,0.0,0.0,0.0,0.0,1.150000000000001
1758551166841089667,/cmd_vel,0.22,0.0,0.0,0.0,0.0,1.200000000000001
1758551166879166526,/cmd_vel,0.22,0.0,0.0,0.0,0.0,1.250000000000001
1758551166918259691,/cmd_vel,0.22,0.0,0.0,0.0,0.0,1.3000000000000012
1758551166932870789,/cmd_vel,0.22,0.0,0.0,0.0,0.0,1.3500000000000012
1758551166971565311,/cmd_vel,0.22,0.0,0.0,0.0,0.0,1.4000000000000012
1758551166998639741,/cmd_vel,0.22,0.0,0.0,0.0,0.0,1.4500000000000013
1758551167025316564,/cmd_vel,0.22,0.0,0.0,0.0,0.0,1.5000000000000013
1758551167079820307,/cmd_vel,0.22,0.0,0.0,0.0,0.0,1.5500000000000014
1758551167093539223,/cmd_vel,0.22,0.0,0.0,0.0,0.0,1.6000000000000014
1758551167139863774,/cmd_vel,0.22,0.0,0.0,0.0,0.0,1.6500000000000015
1758551167143831247,/cmd_vel,0.22,0.0,0.0,0.0,0.0,1.7000000000000015
1758551167183752222,/cmd_vel,0.22,0.0,0.0,0.0,0.0,1.7500000000000016
1758551167208676232,/cmd_vel,0.22,0.0,0.0,0.0,0.0,1.8000000000000016
1758551167249085841,/cmd_vel,0.22,0.0,0.0,0.0,0.0,1.8500000000000016
1758551167261081075,/cmd_vel,0.22,0.0,0.0,0.0,0.0,1.9000000000000017
1758551167308316667,/cmd_vel,0.22,0.0,0.0,0.0,0.0,1.9500000000000017
1758551167331904673,/cmd_vel,0.22,0.0,0.0,0.0,0.0,2.0000000000000018
1758551167358945810,/cmd_vel,0.22,0.0,0.0,0.0,0.0,2.0500000000000016
1758551167402107716,/cmd_vel,0.22,0.0,0.0,0.0,0.0,2.1000000000000014
1758551167428626791,/cmd_vel,0.22,0.0,0.0,0.0,0.0,2.1500000000000012
1758551167462954146,/cmd_vel,0.22,0.0,0.0,0.0,0.0,2.200000000000001
1758551167475817413,/cmd_vel,0.22,0.0,0.0,0.0,0.0,2.250000000000001
1758551167515530709,/cmd_vel,0.22,0.0,0.0,0.0,0.0,2.3000000000000007
1758551167533008253,/cmd_vel,0.22,0.0,0.0,0.0,0.0,2.3500000000000005
1758551167569606050,/cmd_vel,0.22,0.0,0.0,0.0,0.0,2.4000000000000004
1758551167597548951,/cmd_vel,0.22,0.0,0.0,0.0,0.0,2.45
1758551167626324609,/cmd_vel,0.22,0.0,0.0,0.0,0.0,2.5
1758551167663988163,/cmd_vel,0.22,0.0,0.0,0.0,0.0,2.55
1758551167698666744,/cmd_vel,0.22,0.0,0.0,0.0,0.0,2.5999999999999996
1758551167710388061,/cmd_vel,0.22,0.0,0.0,0.0,0.0,2.6499999999999995
1758551167754152398,/cmd_vel,0.22,0.0,0.0,0.0,0.0,2.6999999999999993
1758551167771634496,/cmd_vel,0.22,0.0,0.0,0.0,0.0,2.749999999999999
1758551167809329508,/cmd_vel,0.22,0.0,0.0,0.0,0.0,2.799999999999999
1758551167837422644,/cmd_vel,0.22,0.0,0.0,0.0,0.0,2.84
1758551167863385788,/cmd_vel,0.22,0.0,0.0,0.0,0.0,2.84
1758551167890253241,/cmd_vel,0.22,0.0,0.0,0.0,0.0,2.84
1758551167930560220,/cmd_vel,0.22,0.0,0.0,0.0,0.0,2.84
1758551167979059614,/cmd_vel,0.22,0.0,0.0,0.0,0.0,2.84
1758551167981127388,/cmd_vel,0.22,0.0,0.0,0.0,0.0,2.84
1758551168024475131,/cmd_vel,0.22,0.0,0.0,0.0,0.0,2.84
1758551168038958828,/cmd_vel,0.22,0.0,0.0,0.0,0.0,2.84
1758551168079129045,/cmd_vel,0.22,0.0,0.0,0.0,0.0,2.84
1758551168180574095,/cmd_vel,0.22,0.0,0.0,0.0,0.0,2.84
1758551168282222608,/cmd_vel,0.22,0.0,0.0,0.0,0.0,2.84
1758551168382590349,/cmd_vel,0.22,0.0,0.0,0.0,0.0,2.84
1758551168482914411,/cmd_vel,0.22,0.0,0.0,0.0,0.0,2.84
1758551168590537014,/cmd_vel,0.22,0.0,0.0,0.0,0.0,2.84
1758551168611384093,/cmd_vel,0.22,0.0,0.0,0.0,0.0,2.84
1758551168674362092,/cmd_vel,0.22,0.0,0.0,0.0,0.0,2.84
1758551168678247178,/cmd_vel,0.22,0.0,0.0,0.0,0.0,2.84
1758551168726967956,/cmd_vel,0.22,0.0,0.0,0.0,0.0,2.84
1758551168740493029,/cmd_vel,0.22,0.0,0.0,0.0,0.0,2.84
1758551168766485242,/cmd_vel,0.22,0.0,0.0,0.0,0.0,2.84
1758551168792071717,/cmd_vel,0.22,0.0,0.0,0.0,0.0,2.84
1758551168829390247,/cmd_vel,0.22,0.0,0.0,0.0,0.0,2.84
1758551168851244207,/cmd_vel,0.22,0.0,0.0,0.0,0.0,2.84
1758551168893129133,/cmd_vel,0.22,0.0,0.0,0.0,0.0,2.84
1758551168930647049,/cmd_vel,0.22,0.0,0.0,0.0,0.0,2.84
1758551168943447843,/cmd_vel,0.22,0.0,0.0,0.0,0.0,2.84
1758551168981115451,/cmd_vel,0.22,0.0,0.0,0.0,0.0,2.84
1758551169008288199,/cmd_vel,0.22,0.0,0.0,0.0,0.0,2.84
1758551169036220349,/cmd_vel,0.22,0.0,0.0,0.0,0.0,2.84
1758551169070457231,/cmd_vel,0.22,0.0,0.0,0.0,0.0,2.84
1758551169097829942,/cmd_vel,0.22,0.0,0.0,0.0,0.0,2.84
1758551169143079967,/cmd_vel,0.22,0.0,0.0,0.0,0.0,2.84
1758551169161224200,/cmd_vel,0.22,0.0,0.0,0.0,0.0,2.84
1758551169186810528,/cmd_vel,0.22,0.0,0.0,0.0,0.0,2.84
1758551169237073189,/cmd_vel,0.22,0.0,0.0,0.0,0.0,2.84
1758551169249509038,/cmd_vel,0.22,0.0,0.0,0.0,0.0,2.84
1758551169286267758,/cmd_vel,0.22,0.0,0.0,0.0,0.0,2.84
1758551169300600802,/cmd_vel,0.22,0.0,0.0,0.0,0.0,2.84
1758551169336981047,/cmd_vel,0.22,0.0,0.0,0.0,0.0,2.84
1758551169372432124,/cmd_vel,0.22,0.0,0.0,0.0,0.0,2.84
1758551169391356403,/cmd_vel,0.22,0.0,0.0,0.0,0.0,2.84
1758551169440782886,/cmd_vel,0.22,0.0,0.0,0.0,0.0,2.84
1758551169461492516,/cmd_vel,0.22,0.0,0.0,0.0,0.0,2.84
1758551169507282796,/cmd_vel,0.22,0.0,0.0,0.0,0.0,2.84
1758551169516535795,/cmd_vel,0.22,0.0,0.0,0.0,0.0,2.84
1758551169555031092,/cmd_vel,0.22,0.0,0.0,0.0,0.0,2.84
1758551169580786532,/cmd_vel,0.22,0.0,0.0,0.0,0.0,2.84
1758551169606804627,/cmd_vel,0.22,0.0,0.0,0.0,0.0,2.84
1758551169650932617,/cmd_vel,0.22,0.0,0.0,0.0,0.0,2.84
1758551169664355277,/cmd_vel,0.22,0.0,0.0,0.0,0.0,2.84
1758551169700177471,/cmd_vel,0.22,0.0,0.0,0.0,0.0,2.84
1758551169726986973,/cmd_vel,0.22,0.0,0.0,0.0,0.0,2.84
1758551169763621361,/cmd_vel,0.22,0.0,0.0,0.0,0.0,2.84
1758551169803787747,/cmd_vel,0.22,0.0,0.0,0.0,0.0,2.84
1758551169815229378,/cmd_vel,0.22,0.0,0.0,0.0,0.0,2.84
1758551169853533862,/cmd_vel,0.22,0.0,0.0,0.0,0.0,2.84
1758551169878328976,/cmd_vel,0.22,0.0,0.0,0.0,0.0,2.84
1758551169905139544,/cmd_vel,0.22,0.0,0.0,0.0,0.0,2.84
1758551169935355306,/cmd_vel,0.22,0.0,0.0,0.0,0.0,2.84
1758551169973521176,/cmd_vel,0.22,0.0,0.0,0.0,0.0,2.84
1758551170008974321,/cmd_vel,0.22,0.0,0.0,0.0,0.0,2.84
1758551170022121778,/cmd_vel,0.22,0.0,0.0,0.0,0.0,2.84
1758551170060111703,/cmd_vel,0.22,0.0,0.0,0.0,0.0,2.84
1758551170088548084,/cmd_vel,0.22,0.0,0.0,0.0,0.0,2.84
1758551170117331557,/cmd_vel,0.22,0.0,0.0,0.0,0.0,2.84
1758551170150993570,/cmd_vel,0.22,0.0,0.0,0.0,0.0,2.84
1758551170180498983,/cmd_vel,0.22,0.0,0.0,0.0,0.0,2.84
1758551170234237480,/cmd_vel,0.22,0.0,0.0,0.0,0.0,2.84
1758551170235172779,/cmd_vel,0.22,0.0,0.0,0.0,0.0,2.84
1758551170274126567,/cmd_vel,0.22,0.0,0.0,0.0,0.0,2.84
1758551170298446763,/cmd_vel,0.22,0.0,0.0,0.0,0.0,2.84
1758551170323742144,/cmd_vel,0.22,0.0,0.0,0.0,0.0,2.84
1758551170372586545,/cmd_vel,0.22,0.0,0.0,0.0,0.0,2.84
1758551170385169246,/cmd_vel,0.22,0.0,0.0,0.0,0.0,2.84
1758551170414041395,/cmd_vel,0.22,0.0,0.0,0.0,0.0,2.84
1758551170444409052,/cmd_vel,0.22,0.0,0.0,0.0,0.0,2.84
1758551170482407093,/cmd_vel,0.22,0.0,0.0,0.0,0.0,2.84
1758551170518448535,/cmd_vel,0.22,0.0,0.0,0.0,0.0,2.84
1758551170544721442,/cmd_vel,0.22,0.0,0.0,0.0,0.0,2.84
1758551170569789218,/cmd_vel,0.22,0.0,0.0,0.0,0.0,2.84
1758551170597271495,/cmd_vel,0.22,0.0,0.0,0.0,0.0,2.79
1758551170698140837,/cmd_vel,0.22,0.0,0.0,0.0,0.0,2.74
1758551170798988037,/cmd_vel,0.22,0.0,0.0,0.0,0.0,2.7399999999999998
1758551170899387248,/cmd_vel,0.22,0.0,0.0,0.0,0.0,2.7399999999999998
1758551171002451853,/cmd_vel,0.22,0.0,0.0,0.0,0.0,2.7399999999999998
1758551171103456786,/cmd_vel,0.22,0.0,0.0,0.0,0.0,2.7399999999999998
1758551171136206563,/cmd_vel,0.22,0.0,0.0,0.0,0.0,2.69
1758551171174695008,/cmd_vel,0.22,0.0,0.0,0.0,0.0,2.64
1758551171208371176,/cmd_vel,0.22,0.0,0.0,0.0,0.0,2.5900000000000003
1758551171246129697,/cmd_vel,0.22,0.0,0.0,0.0,0.0,2.5400000000000005
1758551171262267818,/cmd_vel,0.22,0.0,0.0,0.0,0.0,2.4900000000000007
1758551171297146233,/cmd_vel,0.22,0.0,0.0,0.0,0.0,2.440000000000001
1758551171316366454,/cmd_vel,0.22,0.0,0.0,0.0,0.0,2.390000000000001
1758551171359026712,/cmd_vel,0.22,0.0,0.0,0.0,0.0,2.340000000000001
1758551171377176341,/cmd_vel,0.22,0.0,0.0,0.0,0.0,2.2900000000000014
1758551171418408725,/cmd_vel,0.22,0.0,0.0,0.0,0.0,2.2400000000000015
1758551171460665860,/cmd_vel,0.22,0.0,0.0,0.0,0.0,2.1900000000000017
1758551171476890362,/cmd_vel,0.22,0.0,0.0,0.0,0.0,2.140000000000002
1758551171521280150,/cmd_vel,0.22,0.0,0.0,0.0,0.0,2.090000000000002
1758551171535642990,/cmd_vel,0.22,0.0,0.0,0.0,0.0,2.0400000000000023
1758551171579679139,/cmd_vel,0.22,0.0,0.0,0.0,0.0,1.9900000000000022
1758551171596341314,/cmd_vel,0.22,0.0,0.0,0.0,0.0,1.9400000000000022
1758551171636990945,/cmd_vel,0.22,0.0,0.0,0.0,0.0,1.8900000000000021
1758551171658397051,/cmd_vel,0.22,0.0,0.0,0.0,0.0,1.840000000000002
1758551171692401745,/cmd_vel,0.22,0.0,0.0,0.0,0.0,1.790000000000002
1758551171715691730,/cmd_vel,0.22,0.0,0.0,0.0,0.0,1.740000000000002
1758551171742160113,/cmd_vel,0.22,0.0,0.0,0.0,0.0,1.690000000000002
1758551171768049350,/cmd_vel,0.22,0.0,0.0,0.0,0.0,1.640000000000002
1758551171805383951,/cmd_vel,0.22,0.0,0.0,0.0,0.0,1.5900000000000019
1758551171844032856,/cmd_vel,0.22,0.0,0.0,0.0,0.0,1.5400000000000018
1758551171866824936,/cmd_vel,0.22,0.0,0.0,0.0,0.0,1.4900000000000018
1758551171898045233,/cmd_vel,0.22,0.0,0.0,0.0,0.0,1.4400000000000017
1758551171922037634,/cmd_vel,0.22,0.0,0.0,0.0,0.0,1.3900000000000017
1758551171948301143,/cmd_vel,0.22,0.0,0.0,0.0,0.0,1.3400000000000016
1758551171977004525,/cmd_vel,0.22,0.0,0.0,0.0,0.0,1.2900000000000016
1758551172024889236,/cmd_vel,0.22,0.0,0.0,0.0,0.0,1.2400000000000015
1758551172051677799,/cmd_vel,0.22,0.0,0.0,0.0,0.0,1.1900000000000015
1758551172075920163,/cmd_vel,0.22,0.0,0.0,0.0,0.0,1.1400000000000015
1758551172119750386,/cmd_vel,0.22,0.0,0.0,0.0,0.0,1.0900000000000014
1758551172126541324,/cmd_vel,0.22,0.0,0.0,0.0,0.0,1.0400000000000014
1758551172171090600,/cmd_vel,0.22,0.0,0.0,0.0,0.0,0.9900000000000013
1758551172196618609,/cmd_vel,0.22,0.0,0.0,0.0,0.0,0.9400000000000013
1758551172232793785,/cmd_vel,0.22,0.0,0.0,0.0,0.0,0.8900000000000012
1758551172254509358,/cmd_vel,0.22,0.0,0.0,0.0,0.0,0.8400000000000012
1758551172275805383,/cmd_vel,0.22,0.0,0.0,0.0,0.0,0.7900000000000011
1758551172325509428,/cmd_vel,0.22,0.0,0.0,0.0,0.0,0.7400000000000011
1758551172338757171,/cmd_vel,0.22,0.0,0.0,0.0,0.0,0.6900000000000011
1758551172370769691,/cmd_vel,0.22,0.0,0.0,0.0,0.0,0.640000000000001
1758551172420317961,/cmd_vel,0.22,0.0,0.0,0.0,0.0,0.590000000000001
1758551172428631319,/cmd_vel,0.22,0.0,0.0,0.0,0.0,0.5400000000000009
1758551172466447659,/cmd_vel,0.22,0.0,0.0,0.0,0.0,0.49000000000000093
1758551172490608840,/cmd_vel,0.22,0.0,0.0,0.0,0.0,0.44000000000000095
1758551172527361527,/cmd_vel,0.22,0.0,0.0,0.0,0.0,0.39000000000000096
1758551172577070041,/cmd_vel,0.22,0.0,0.0,0.0,0.0,0.34000000000000097
1758551172582146509,/cmd_vel,0.22,0.0,0.0,0.0,0.0,0.290000000000001
1758551172619181130,/cmd_vel,0.22,0.0,0.0,0.0,0.0,0.240000000000001
1758551172644262087,/cmd_vel,0.22,0.0,0.0,0.0,0.0,0.190000000000001
1758551172673820986,/cmd_vel,0.22,0.0,0.0,0.0,0.0,0.140000000000001
1758551172698266912,/cmd_vel,0.22,0.0,0.0,0.0,0.0,0.09000000000000101
1758551172737699848,/cmd_vel,0.22,0.0,0.0,0.0,0.0,0.04000000000000101
1758551172776201197,/cmd_vel,0.22,0.0,0.0,0.0,0.0,-0.009999999999998996
1758551172790385464,/cmd_vel,0.22,0.0,0.0,0.0,0.0,-0.059999999999999
1758551172839144764,/cmd_vel,0.22,0.0,0.0,0.0,0.0,-0.109999999999999
1758551172857596342,/cmd_vel,0.22,0.0,0.0,0.0,0.0,-0.159999999999999
1758551172881670479,/cmd_vel,0.22,0.0,0.0,0.0,0.0,-0.20999999999999902
1758551172929724261,/cmd_vel,0.22,0.0,0.0,0.0,0.0,-0.259999999999999
1758551172942803165,/cmd_vel,0.22,0.0,0.0,0.0,0.0,-0.309999999999999
1758551172984870574,/cmd_vel,0.22,0.0,0.0,0.0,0.0,-0.359999999999999
1758551172999006482,/cmd_vel,0.22,0.0,0.0,0.0,0.0,-0.409999999999999
1758551173041283245,/cmd_vel,0.22,0.0,0.0,0.0,0.0,-0.45999999999999897
1758551173059228303,/cmd_vel,0.22,0.0,0.0,0.0,0.0,-0.509999999999999
1758551173111895237,/cmd_vel,0.22,0.0,0.0,0.0,0.0,-0.559999999999999
1758551173121402564,/cmd_vel,0.22,0.0,0.0,0.0,0.0,-0.6099999999999991
1758551173178802938,/cmd_vel,0.22,0.0,0.0,0.0,0.0,-0.6599999999999991
1758551173179565299,/cmd_vel,0.22,0.0,0.0,0.0,0.0,-0.7099999999999992
1758551173236723499,/cmd_vel,0.22,0.0,0.0,0.0,0.0,-0.7599999999999992
1758551173259046640,/cmd_vel,0.22,0.0,0.0,0.0,0.0,-0.8099999999999993
1758551173272935753,/cmd_vel,0.22,0.0,0.0,0.0,0.0,-0.8599999999999993
1758551173319727872,/cmd_vel,0.22,0.0,0.0,0.0,0.0,-0.9099999999999994
1758551173341823685,/cmd_vel,0.22,0.0,0.0,0.0,0.0,-0.9599999999999994
1758551173370207364,/cmd_vel,0.22,0.0,0.0,0.0,0.0,-1.0099999999999993
1758551173394191481,/cmd_vel,0.22,0.0,0.0,0.0,0.0,-1.0599999999999994
1758551173420300367,/cmd_vel,0.22,0.0,0.0,0.0,0.0,-1.1099999999999994
1758551173450135356,/cmd_vel,0.22,0.0,0.0,0.0,0.0,-1.1599999999999995
1758551173479115479,/cmd_vel,0.22,0.0,0.0,0.0,0.0,-1.2099999999999995
1758551173531843579,/cmd_vel,0.22,0.0,0.0,0.0,0.0,-1.2599999999999996
1758551173547185182,/cmd_vel,0.22,0.0,0.0,0.0,0.0,-1.3099999999999996
1758551173589005431,/cmd_vel,0.22,0.0,0.0,0.0,0.0,-1.3599999999999997
1758551173603651934,/cmd_vel,0.22,0.0,0.0,0.0,0.0,-1.4099999999999997
1758551173650926928,/cmd_vel,0.22,0.0,0.0,0.0,0.0,-1.4599999999999997
1758551173668044032,/cmd_vel,0.22,0.0,0.0,0.0,0.0,-1.5099999999999998
1758551173723472572,/cmd_vel,0.22,0.0,0.0,0.0,0.0,-1.5599999999999998
1758551173729014811,/cmd_vel,0.22,0.0,0.0,0.0,0.0,-1.6099999999999999
1758551173769107997,/cmd_vel,0.22,0.0,0.0,0.0,0.0,-1.66
1758551173783949927,/cmd_vel,0.22,0.0,0.0,0.0,0.0,-1.71
1758551173824249621,/cmd_vel,0.22,0.0,0.0,0.0,0.0,-1.76
1758551173854980027,/cmd_vel,0.22,0.0,0.0,0.0,0.0,-1.81
1758551173888821279,/cmd_vel,0.22,0.0,0.0,0.0,0.0,-1.86
1758551173914082000,/cmd_vel,0.22,0.0,0.0,0.0,0.0,-1.9100000000000001
1758551173952568836,/cmd_vel,0.22,0.0,0.0,0.0,0.0,-1.9600000000000002
1758551173973211475,/cmd_vel,0.22,0.0,0.0,0.0,0.0,-2.0100000000000002
1758551173998201512,/cmd_vel,0.22,0.0,0.0,0.0,0.0,-2.06
1758551174027489758,/cmd_vel,0.22,0.0,0.0,0.0,0.0,-2.11
1758551174056022504,/cmd_vel,0.22,0.0,0.0,0.0,0.0,-2.1599999999999997
1758551174089698489,/cmd_vel,0.22,0.0,0.0,0.0,0.0,-2.2099999999999995
1758551174126885736,/cmd_vel,0.22,0.0,0.0,0.0,0.0,-2.2599999999999993
1758551174143743598,/cmd_vel,0.22,0.0,0.0,0.0,0.0,-2.309999999999999
1758551174183191006,/cmd_vel,0.22,0.0,0.0,0.0,0.0,-2.359999999999999
1758551174223685335,/cmd_vel,0.22,0.0,0.0,0.0,0.0,-2.409999999999999
1758551174252370298,/cmd_vel,0.22,0.0,0.0,0.0,0.0,-2.4599999999999986
1758551174282580383,/cmd_vel,0.22,0.0,0.0,0.0,0.0,-2.5099999999999985
1758551174297850679,/cmd_vel,0.22,0.0,0.0,0.0,0.0,-2.5599999999999983
1758551174337759971,/cmd_vel,0.22,0.0,0.0,0.0,0.0,-2.609999999999998
1758551174363521461,/cmd_vel,0.22,0.0,0.0,0.0,0.0,-2.659999999999998
1758551174390257055,/cmd_vel,0.22,0.0,0.0,0.0,0.0,-2.7099999999999977
1758551174427030839,/cmd_vel,0.22,0.0,0.0,0.0,0.0,-2.7599999999999976
1758551174444988491,/cmd_vel,0.22,0.0,0.0,0.0,0.0,-2.8099999999999974
1758551174474757068,/cmd_vel,0.22,0.0,0.0,0.0,0.0,-2.84
1758551174514817571,/cmd_vel,0.22,0.0,0.0,0.0,0.0,-2.84
1758551174555177298,/cmd_vel,0.22,0.0,0.0,0.0,0.0,-2.84
1758551174571652915,/cmd_vel,0.22,0.0,0.0,0.0,0.0,-2.84
1758551174608270757,/cmd_vel,0.22,0.0,0.0,0.0,0.0,-2.84
1758551174645097388,/cmd_vel,0.22,0.0,0.0,0.0,0.0,-2.84
1758551174663822525,/cmd_vel,0.22,0.0,0.0,0.0,0.0,-2.84
1758551174695802162,/cmd_vel,0.22,0.0,0.0,0.0,0.0,-2.84
1758551174723255479,/cmd_vel,0.22,0.0,0.0,0.0,0.0,-2.84
1758551174760493993,/cmd_vel,0.22,0.0,0.0,0.0,0.0,-2.84
1758551174774236206,/cmd_vel,0.22,0.0,0.0,0.0,0.0,-2.84
1758551174826989157,/cmd_vel,0.22,0.0,0.0,0.0,0.0,-2.84
1758551174852376901,/cmd_vel,0.22,0.0,0.0,0.0,0.0,-2.84
1758551174865543931,/cmd_vel,0.22,0.0,0.0,0.0,0.0,-2.84
1758551174904016620,/cmd_vel,0.22,0.0,0.0,0.0,0.0,-2.84
1758551174935783161,/cmd_vel,0.22,0.0,0.0,0.0,0.0,-2.84
1758551174976528472,/cmd_vel,0.22,0.0,0.0,0.0,0.0,-2.84
1758551174992061409,/cmd_vel,0.22,0.0,0.0,0.0,0.0,-2.84
1758551175038719150,/cmd_vel,0.22,0.0,0.0,0.0,0.0,-2.84
1758551175045894912,/cmd_vel,0.22,0.0,0.0,0.0,0.0,-2.84
1758551175085783978,/cmd_vel,0.22,0.0,0.0,0.0,0.0,-2.84
1758551175116948436,/cmd_vel,0.22,0.0,0.0,0.0,0.0,-2.84
1758551175146201954,/cmd_vel,0.22,0.0,0.0,0.0,0.0,-2.84
1758551175174315800,/cmd_vel,0.22,0.0,0.0,0.0,0.0,-2.84
1758551175201689074,/cmd_vel,0.22,0.0,0.0,0.0,0.0,-2.84
1758551175228988492,/cmd_vel,0.22,0.0,0.0,0.0,0.0,-2.84
1758551175268313862,/cmd_vel,0.22,0.0,0.0,0.0,0.0,-2.84
1758551175306607471,/cmd_vel,0.22,0.0,0.0,0.0,0.0,-2.84
1758551175322858123,/cmd_vel,0.22,0.0,0.0,0.0,0.0,-2.84
1758551175361843612,/cmd_vel,0.22,0.0,0.0,0.0,0.0,-2.84
1758551175376232636,/cmd_vel,0.22,0.0,0.0,0.0,0.0,-2.84
1758551175477158806,/cmd_vel,0.22,0.0,0.0,0.0,0.0,-2.84
1758551175578347264,/cmd_vel,0.22,0.0,0.0,0.0,0.0,-2.84
1758551175680328039,/cmd_vel,0.22,0.0,0.0,0.0,0.0,-2.84
1758551175780870753,/cmd_vel,0.22,0.0,0.0,0.0,0.0,-2.84
1758551175887437715,/cmd_vel,0.22,0.0,0.0,0.0,0.0,-2.84
1758551175990699149,/cmd_vel,0.22,0.0,0.0,0.0,0.0,-2.84
1758551176066077980,/cmd_vel,0.22,0.0,0.0,0.0,0.0,-2.84
1758551176178626749,/cmd_vel,0.22,0.0,0.0,0.0,0.0,-2.84
1758551176282978965,/cmd_vel,0.22,0.0,0.0,0.0,0.0,-2.84
1758551176388959058,/cmd_vel,0.22,0.0,0.0,0.0,0.0,-2.84
1758551176489873328,/cmd_vel,0.22,0.0,0.0,0.0,0.0,-2.84
1758551176565519009,/cmd_vel,0.22,0.0,0.0,0.0,0.0,-2.84
1758551176595094661,/cmd_vel,0.22,0.0,0.0,0.0,0.0,-2.84
1758551176640760718,/cmd_vel,0.22,0.0,0.0,0.0,0.0,-2.84
1758551176667833566,/cmd_vel,0.22,0.0,0.0,0.0,0.0,-2.84
1758551176701846040,/cmd_vel,0.22,0.0,0.0,0.0,0.0,-2.84
1758551176714860508,/cmd_vel,0.22,0.0,0.0,0.0,0.0,-2.84
1758551176756173212,/cmd_vel,0.22,0.0,0.0,0.0,0.0,-2.84
1758551176782933245,/cmd_vel,0.22,0.0,0.0,0.0,0.0,-2.84
1758551176808460556,/cmd_vel,0.22,0.0,0.0,0.0,0.0,-2.84
1758551176836088277,/cmd_vel,0.22,0.0,0.0,0.0,0.0,-2.84
1758551176874027842,/cmd_vel,0.22,0.0,0.0,0.0,0.0,-2.84
1758551176912422894,/cmd_vel,0.22,0.0,0.0,0.0,0.0,-2.84
1758551176925975031,/cmd_vel,0.22,0.0,0.0,0.0,0.0,-2.84
1758551176964231820,/cmd_vel,0.22,0.0,0.0,0.0,0.0,-2.84
1758551176992808931,/cmd_vel,0.22,0.0,0.0,0.0,0.0,-2.84
1758551177021837813,/cmd_vel,0.22,0.0,0.0,0.0,0.0,-2.84
1758551177047880204,/cmd_vel,0.22,0.0,0.0,0.0,0.0,-2.84
1758551177085119203,/cmd_vel,0.22,0.0,0.0,0.0,0.0,-2.84
1758551177123904449,/cmd_vel,0.22,0.0,0.0,0.0,0.0,-2.84
1758551177142563462,/cmd_vel,0.22,0.0,0.0,0.0,0.0,-2.84
1758551177187251995,/cmd_vel,0.22,0.0,0.0,0.0,0.0,-2.84
1758551177205470032,/cmd_vel,0.22,0.0,0.0,0.0,0.0,-2.84
1758551177235376713,/cmd_vel,0.22,0.0,0.0,0.0,0.0,-2.84
1758551177266185679,/cmd_vel,0.22,0.0,0.0,0.0,0.0,-2.84
1758551177296401058,/cmd_vel,0.22,0.0,0.0,0.0,0.0,-2.84
1758551177333157524,/cmd_vel,0.22,0.0,0.0,0.0,0.0,-2.84
1758551177356675467,/cmd_vel,0.22,0.0,0.0,0.0,0.0,-2.84
1758551177383951221,/cmd_vel,0.22,0.0,0.0,0.0,0.0,-2.84
1758551177419808955,/cmd_vel,0.22,0.0,0.0,0.0,0.0,-2.84
1758551177433928773,/cmd_vel,0.22,0.0,0.0,0.0,0.0,-2.84
1758551177473638551,/cmd_vel,0.22,0.0,0.0,0.0,0.0,-2.84
1758551177474612330,/cmd_vel,0.22,0.0,0.0,0.0,0.0,-2.79
1758551177575382299,/cmd_vel,0.22,0.0,0.0,0.0,0.0,-2.74
1758551177675915843,/cmd_vel,0.22,0.0,0.0,0.0,0.0,-2.7399999999999998
1758551177776647595,/cmd_vel,0.22,0.0,0.0,0.0,0.0,-2.7399999999999998
1758551177891596791,/cmd_vel,0.22,0.0,0.0,0.0,0.0,-2.7399999999999998
1758551177995465177,/cmd_vel,0.22,0.0,0.0,0.0,0.0,-2.7399999999999998
1758551178003139720,/cmd_vel,0.22,0.0,0.0,0.0,0.0,-2.69
1758551178032346389,/cmd_vel,0.22,0.0,0.0,0.0,0.0,-2.64
1758551178064041201,/cmd_vel,0.22,0.0,0.0,0.0,0.0,-2.5900000000000003
1758551178111839486,/cmd_vel,0.22,0.0,0.0,0.0,0.0,-2.5400000000000005
1758551178126445373,/cmd_vel,0.22,0.0,0.0,0.0,0.0,-2.4900000000000007
1758551178156049099,/cmd_vel,0.22,0.0,0.0,0.0,0.0,-2.440000000000001
1758551178182548253,/cmd_vel,0.22,0.0,0.0,0.0,0.0,-2.390000000000001
1758551178217718635,/cmd_vel,0.22,0.0,0.0,0.0,0.0,-2.340000000000001
1758551178267871391,/cmd_vel,0.22,0.0,0.0,0.0,0.0,-2.2900000000000014
1758551178275147908,/cmd_vel,0.22,0.0,0.0,0.0,0.0,-2.2400000000000015
1758551178312463938,/cmd_vel,0.22,0.0,0.0,0.0,0.0,-2.1900000000000017
1758551178337956415,/cmd_vel,0.22,0.0,0.0,0.0,0.0,-2.140000000000002
1758551178365806113,/cmd_vel,0.22,0.0,0.0,0.0,0.0,-2.090000000000002
1758551178393164304,/cmd_vel,0.22,0.0,0.0,0.0,0.0,-2.0400000000000023
1758551178430452309,/cmd_vel,0.22,0.0,0.0,0.0,0.0,-1.9900000000000022
1758551178467407392,/cmd_vel,0.22,0.0,0.0,0.0,0.0,-1.9400000000000022
1758551178493940587,/cmd_vel,0.22,0.0,0.0,0.0,0.0,-1.8900000000000021
1758551178520887237,/cmd_vel,0.22,0.0,0.0,0.0,0.0,-1.840000000000002
1758551178544275416,/cmd_vel,0.22,0.0,0.0,0.0,0.0,-1.790000000000002
1758551178572817456,/cmd_vel,0.22,0.0,0.0,0.0,0.0,-1.740000000000002
1758551178623558995,/cmd_vel,0.22,0.0,0.0,0.0,0.0,-1.690000000000002
1758551178641059422,/cmd_vel,0.22,0.0,0.0,0.0,0.0,-1.640000000000002
1758551178681641396,/cmd_vel,0.22,0.0,0.0,0.0,0.0,-1.5900000000000019
1758551178695359117,/cmd_vel,0.22,0.0,0.0,0.0,0.0,-1.5400000000000018
1758551178734054554,/cmd_vel,0.22,0.0,0.0,0.0,0.0,-1.4900000000000018
1758551178757408757,/cmd_vel,0.22,0.0,0.0,0.0,0.0,-1.4400000000000017
1758551178782483491,/cmd_vel,0.22,0.0,0.0,0.0,0.0,-1.3900000000000017
1758551178827797329,/cmd_vel,0.22,0.0,0.0,0.0,0.0,-1.3400000000000016
1758551178841989544,/cmd_vel,0.22,0.0,0.0,0.0,0.0,-1.2900000000000016
1758551178890069351,/cmd_vel,0.22,0.0,0.0,0.0,0.0,-1.2400000000000015
1758551178902445800,/cmd_vel,0.22,0.0,0.0,0.0,0.0,-1.1900000000000015
1758551178940639603,/cmd_vel,0.22,0.0,0.0,0.0,0.0,-1.1400000000000015
1758551178976970399,/cmd_vel,0.22,0.0,0.0,0.0,0.0,-1.0900000000000014
1758551179001244194,/cmd_vel,0.22,0.0,0.0,0.0,0.0,-1.0400000000000014
1758551179029521157,/cmd_vel,0.22,0.0,0.0,0.0,0.0,-0.9900000000000013
1758551179076372432,/cmd_vel,0.22,0.0,0.0,0.0,0.0,-0.9400000000000013
1758551179092413786,/cmd_vel,0.22,0.0,0.0,0.0,0.0,-0.8900000000000012
1758551179133258722,/cmd_vel,0.22,0.0,0.0,0.0,0.0,-0.8400000000000012
1758551179151654715,/cmd_vel,0.22,0.0,0.0,0.0,0.0,-0.7900000000000011
1758551179185248090,/cmd_vel,0.22,0.0,0.0,0.0,0.0,-0.7400000000000011
1758551179210678458,/cmd_vel,0.22,0.0,0.0,0.0,0.0,-0.6900000000000011
1758551179240228025,/cmd_vel,0.22,0.0,0.0,0.0,0.0,-0.640000000000001
1758551179269551190,/cmd_vel,0.22,0.0,0.0,0.0,0.0,-0.590000000000001
1758551179295969019,/cmd_vel,0.22,0.0,0.0,0.0,0.0,-0.5400000000000009
1758551179401037599,/cmd_vel,0.22,0.0,0.0,0.0,0.0,-0.49000000000000093
1758551179505739510,/cmd_vel,0.22,0.0,0.0,0.0,0.0,-0.44000000000000095
1758551179607932781,/cmd_vel,0.22,0.0,0.0,0.0,0.0,-0.39000000000000096
1758551179719702119,/cmd_vel,0.22,0.0,0.0,0.0,0.0,-0.34000000000000097
1758551179820331581,/cmd_vel,0.22,0.0,0.0,0.0,0.0,-0.290000000000001
1758551179889993004,/cmd_vel,0.0,0.0,0.0,0.0,0.0,0.0
